iter	F1	Logloss
0	0.630282673	0.6865501542
1	0.6279805141	0.6814115048
2	0.6344287318	0.6749597194
3	0.6325248769	0.6700068908
4	0.6308184948	0.6658122375
5	0.6350216974	0.6603684905
6	0.6348332353	0.6561627169
7	0.6367722669	0.6529230521
8	0.6358768131	0.6504893497
9	0.6348915937	0.6485794286
10	0.636612043	0.6468875632
